Generation,AVG_BIRTHS
Baby Boomers,764.4048991354467
Gen X,1057.8263175906914
Gen Y,1417.4337782340863
Silent Generation,319.7642585551331
