GENERATION,AVG_BIRTH
Baby Boomers,764.4048991354467
Gen X,1057.8263175906914
Gen Y,1417.4337782340863
Other,1115.343072050673
Silent Generation,319.7642585551331
